"","Nutrients","Average"
"1","high",0.513247272727273
"2","low",0.486939130434783
